Campaign_ID,Budget,Ad_Spend,CTR,CPC,Conversions
CMP_0000,2185.43,1651.18,4.53541487072015,4.12,31
CMP_0001,4778.21,4121.54,16.16605167760018,4.85,186
CMP_0002,3793.97,3649.36,9.019237908247487,1.71,357
CMP_0003,3193.96,2937.38,0.3643759469626615,2.73,50
CMP_0004,1202.08,1132.32,7.372738328871657,0.89,128
CMP_0005,1201.98,1078.94,1.991571966736071,3.02,27
CMP_0006,761.38,691.09,16.639476797053128,2.76,48
CMP_0007,4397.79,4198.83,10.727244502599993,1.15,649
CMP_0008,3205.02,2483.57,5.163517836328987,2.49,109
CMP_0009,3686.33,3121.69,3.246574994848513,2.0,151
CMP_0010,592.63,454.17,9.530421771853252,2.85,22
CMP_0011,4864.59,4846.59,6.317222782619387,3.14,185
CMP_0012,4245.99,4174.73,8.747321766419207,0.54,1047
CMP_0013,1455.53,1036.09,7.910406449023151,3.92,35
CMP_0014,1318.21,1201.78,5.17469364041523,3.71,32
CMP_0015,1325.32,1295.6,5.574304804626978,2.15,55
CMP_0016,1869.09,1409.62,6.179140559560131,0.74,213
CMP_0017,2861.4,2490.52,8.88201760784148,3.9,89
CMP_0018,2443.75,2381.79,13.772779042173688,4.8,104
CMP_0019,1810.53,1285.81,11.197985284007313,1.58,144
CMP_0020,3253.34,2958.02,11.523078769702007,1.96,265
CMP_0021,1127.72,890.0,17.965610627761667,1.33,129
CMP_0022,1814.65,1773.49,6.8985558973732015,3.1,74
CMP_0023,2148.63,2129.97,3.779855270851238,1.2,155
CMP_0024,2552.31,2509.64,6.618131752782766,2.1,160
CMP_0025,4033.29,3397.1,3.1933273973791656,3.64,89
CMP_0026,1398.53,1340.65,5.997089540369098,3.02,40
CMP_0027,2814.05,2682.82,2.8607816625164153,2.24,106
CMP_0028,3165.87,2519.18,9.98043929556367,2.39,128
CMP_0029,709.03,672.64,9.617434285249542,3.03,30
CMP_0030,3233.95,2299.67,6.763046874740096,0.53,519
CMP_0031,1267.36,1113.86,17.319162837294925,0.85,251
CMP_0032,792.73,609.61,16.84841679097377,4.47,32
CMP_0033,4769.98,3511.52,11.924114399551042,0.85,561
CMP_0034,4845.34,3503.6,7.093188533450212,3.68,99
CMP_0035,4137.79,3760.78,12.205960902447794,4.64,143
CMP_0036,1870.76,1500.28,10.292310485728564,1.72,144
CMP_0037,939.52,861.94,2.159031413636067,2.17,33
CMP_0038,3579.05,2575.51,9.998755811464266,3.06,136
CMP_0039,2480.69,1971.12,17.662670199319315,4.47,106
CMP_0040,1049.17,904.22,3.8880331665623804,4.74,16
CMP_0041,2728.3,2557.01,10.578513443603125,3.83,83
CMP_0042,654.75,520.94,9.507798453379497,0.89,72
CMP_0043,4591.94,4076.57,8.407861207536413,3.51,157
CMP_0044,1664.51,1607.57,15.622641866989289,2.35,150
CMP_0045,3481.35,3080.16,5.245668726242519,2.62,116
CMP_0046,1902.7,1464.87,13.427928011557496,0.72,409
CMP_0047,2840.31,2009.01,11.105870977520729,1.36,239
CMP_0048,2960.2,2844.84,2.8391782020449754,4.06,45
CMP_0049,1331.85,940.79,7.013946314213062,2.54,39
CMP_0050,4863.13,4680.33,8.210956165563257,1.86,377
CMP_0051,3988.1,3424.51,4.032155879194814,2.23,151
CMP_0052,4727.75,4641.33,10.223083692655797,4.34,188
CMP_0053,4526.72,4253.46,7.503476010795305,3.87,116
CMP_0054,3190.55,3188.57,6.503986188726831,1.73,253
CMP_0055,4648.43,3742.98,3.414223667394668,1.03,270
CMP_0056,898.22,835.49,12.951184914779937,1.63,74
CMP_0057,1381.92,1133.97,0.20074272761787856,4.64,15
CMP_0058,703.52,593.74,8.38657655052711,3.12,23
CMP_0059,1963.99,1744.52,15.358805581663193,2.9,130
CMP_0060,2249.05,2163.82,11.656912271918625,3.18,98
CMP_0061,1721.07,1712.85,6.803032887342885,2.15,97
CMP_0062,4229.32,3935.31,23.027255187184828,4.13,310
CMP_0063,2105.39,1737.64,2.608376660186816,2.85,43
CMP_0064,1764.21,1457.96,6.15811233339566,1.03,168
CMP_0065,2942.13,2710.51,7.231197031604861,1.08,268
CMP_0066,1134.16,875.16,2.1583785440558283,2.92,22
CMP_0067,4109.89,3013.13,6.536872022057335,4.71,68
CMP_0068,835.48,673.72,8.106295216671334,1.89,41
CMP_0069,4940.99,3884.47,3.3927236749114744,4.41,68
CMP_0070,3975.1,3135.93,9.216473495401658,3.94,98
CMP_0071,1394.22,1073.66,1.7727388194273255,1.62,52
CMP_0072,524.85,374.02,12.058470894698253,0.66,92
CMP_0073,4169.58,2941.06,6.299423155275638,0.96,310
CMP_0074,3680.86,3667.3,21.18240609132758,3.78,248
CMP_0075,3780.53,3131.53,4.502026315794677,1.4,197
CMP_0076,3970.72,3237.32,7.966225808995738,2.17,212
CMP_0077,833.2,753.12,10.701298003799565,2.76,50
CMP_0078,2113.1,1617.53,6.530750516558576,3.76,48
CMP_0079,1021.41,1006.08,12.090542190414167,1.01,194
CMP_0080,4383.97,4102.97,8.658678532398504,2.33,246
CMP_0081,3304.84,2402.03,1.0988103324112592,2.68,47
CMP_0082,1989.04,1641.5,2.6489262801833084,2.93,46
CMP_0083,786.01,757.51,13.328746272208553,4.18,33
CMP_0084,1899.42,1867.93,10.641745667882942,1.27,243
CMP_0085,1963.32,1649.62,6.673994727487559,4.14,53
CMP_0086,3783.23,3344.46,10.170410340179183,3.62,136
CMP_0087,3369.01,2527.13,1.9960257227248337,3.0,68
CMP_0088,4492.46,4480.56,6.098449141999426,3.65,149
CMP_0089,2624.97,2019.92,9.977974253835612,2.35,128
CMP_0090,1038.17,1020.33,24.25074913370874,1.12,277
CMP_0091,3709.6,3319.7,5.336009215001661,3.5,91
CMP_0092,3923.53,3461.81,5.853466653617567,2.86,156
CMP_0093,3025.75,2583.41,9.303615799208687,3.38,116
CMP_0094,3969.35,3053.23,7.994186182510042,2.02,160
CMP_0095,2722.08,2049.61,6.236202865091625,4.58,46
CMP_0096,2852.3,2185.28,17.014137778900487,3.14,160
CMP_0097,2423.93,1832.32,6.214008856319497,0.88,192
CMP_0098,614.39,573.76,13.495450430002338,2.52,34
CMP_0099,985.51,793.37,7.586493708365122,3.9,25
CMP_0100,641.43,460.13,12.784571476376213,4.07,18
CMP_0101,3363.85,3332.67,7.522904428198003,2.73,149
CMP_0102,1914.6,1847.85,8.52516080018839,4.53,49
CMP_0103,2788.57,2728.13,2.875902567852028,1.7,109
CMP_0104,4584.05,4577.05,24.349077327825754,2.35,614
CMP_0105,1621.82,1219.88,6.862608480069854,4.54,32
CMP_0106,2346.72,1921.66,10.022242016231342,4.53,56
CMP_0107,3899.98,3617.12,5.093570079664449,3.59,94
CMP_0108,1529.59,1390.1,5.453433104259518,4.37,34
CMP_0109,846.41,631.56,11.286831429846455,0.9,94
CMP_0110,1803.88,1704.22,18.473765803571574,4.39,78
CMP_0111,1225.5,940.37,14.354913991483222,1.94,77
CMP_0112,4683.64,3593.03,8.201745963194599,1.3,410
CMP_0113,4136.54,3561.94,12.33585868077447,1.58,430
CMP_0114,3350.32,2941.19,6.1886511270033155,2.38,152
CMP_0115,4421.57,3864.57,8.365335364656188,1.63,344
CMP_0116,4116.52,2994.55,3.8188728722636576,1.94,145
CMP_0117,1339.57,1290.33,3.9692933642266177,1.11,103
CMP_0118,4516.52,3521.44,12.76859360545509,1.83,361
CMP_0119,2927.04,2162.66,11.23007243493628,3.08,92
CMP_0120,4133.48,3995.52,11.205101481579659,2.49,272
CMP_0121,4532.41,4472.11,8.020104054756288,2.06,314
CMP_0122,1931.02,1851.15,8.133909699067248,3.86,62
CMP_0123,995.23,938.36,4.374791840755098,4.52,18
CMP_0124,1525.71,1367.91,1.0670379445724427,3.91,19
CMP_0125,2421.99,2095.64,9.967575785706586,1.99,166
CMP_0126,4181.07,3035.86,1.984472072205918,3.85,59
CMP_0127,4373.29,3597.19,13.682785246836179,1.18,654
CMP_0128,531.28,431.3,15.199773503538703,1.09,74
CMP_0129,2798.36,2176.92,22.19780293340336,2.06,318
CMP_0130,2378.35,2181.01,8.503092100847377,4.13,73
CMP_0131,1499.49,1272.71,4.829672040936972,1.61,89
CMP_0132,1039.39,752.84,10.089716692060325,0.78,147
CMP_0133,2019.27,1546.87,6.123344823638089,1.09,158
CMP_0134,4743.09,4292.39,6.838720253276853,4.36,120
CMP_0135,1954.41,1412.72,16.374952382077026,3.35,99
CMP_0136,2834.56,2708.03,7.3730516804250845,1.64,242
CMP_0137,3663.59,3108.72,5.173332313267507,3.0,87
CMP_0138,2136.33,1803.44,3.769814870485358,2.87,45
CMP_0139,4873.02,4277.16,8.25228206242919,3.45,193
CMP_0140,4831.01,4576.92,12.546752529493164,1.55,524
CMP_0141,1633.02,1313.51,5.818874444686727,4.39,33
CMP_0142,2737.62,2473.18,16.016213588310197,1.89,273
CMP_0143,1853.95,1612.42,7.909112042485249,3.62,48
CMP_0144,1781.78,1389.98,16.027136150983477,0.57,567
CMP_0145,665.99,641.74,12.915908764587474,2.18,57
CMP_0146,3243.04,3045.95,2.9313940710354514,2.08,107
CMP_0147,2762.06,2479.05,16.11353707082269,2.95,163
CMP_0148,731.65,698.85,2.5081688293273086,0.83,71
CMP_0149,1753.91,1684.08,2.8642310597094363,4.06,27
CMP_0150,4587.2,4185.86,4.821872885851351,1.48,320
CMP_0151,1578.03,1500.87,20.876745577251544,3.55,98
CMP_0152,1152.03,1047.47,11.475308611152471,4.11,43
CMP_0153,2702.54,2443.21,3.508010085408027,3.03,80
CMP_0154,4935.43,4370.73,2.067003167574546,3.83,86
CMP_0155,1589.25,1471.35,12.789016506274775,3.48,72
CMP_0156,3524.61,2634.93,9.719277398350627,2.1,198
CMP_0157,3927.29,3786.93,10.853585376323629,4.14,135
CMP_0158,1569.37,1509.03,11.260703159160254,1.83,122
CMP_0159,3776.97,2677.02,18.306727727851346,3.07,243
CMP_0160,2155.02,2042.41,7.814846138894804,3.85,74
CMP_0161,3345.38,2471.1,13.00839110411815,2.21,213
CMP_0162,3350.88,2682.5,4.043423106973012,1.86,122
CMP_0163,2910.99,2687.0,1.584152030043905,2.57,56
CMP_0164,906.3,678.12,11.962489803706402,4.18,22
CMP_0165,4258.86,4026.28,3.682635908573497,4.68,76
CMP_0166,1943.51,1845.64,10.203521891401818,2.95,105
CMP_0167,1339.33,1141.43,18.163051839166886,3.48,77
CMP_0168,683.49,479.75,2.061953645750061,4.56,8
CMP_0169,3159.02,2483.34,8.842448148186634,0.94,297
CMP_0170,3549.04,3141.18,1.6010114313751895,1.54,127
CMP_0171,574.65,571.41,7.3282089190145,3.69,17
CMP_0172,2804.42,2494.66,0.47969879841622864,4.21,31
CMP_0173,1519.23,1181.87,2.2261920217109994,4.36,16
CMP_0174,3403.28,3029.61,4.971926971783834,2.37,150
CMP_0175,1284.65,1107.36,1.5264121930378662,0.9,71
CMP_0176,3609.22,3370.84,10.233688789061517,2.47,243
CMP_0177,2240.31,1640.12,10.34530795912741,1.54,158
CMP_0178,4715.28,4377.23,21.799799328633043,1.81,773
CMP_0179,1118.84,964.87,3.156444020806433,3.98,20
CMP_0180,2034.8,2012.21,6.175730712290668,0.84,313
CMP_0181,1010.63,811.09,2.2510352065273085,4.22,11
CMP_0182,4661.12,4147.4,5.13869283634219,2.42,191
CMP_0183,4448.03,4357.33,24.743329559853812,3.18,473
CMP_0184,1660.74,1213.59,13.014473236081283,0.9,207
CMP_0185,3469.93,3404.59,3.5477599065123857,2.02,120
CMP_0186,4177.5,3786.34,0.9376941343976181,0.9,242
CMP_0187,2998.4,2159.9,0.820412049016034,4.83,30
CMP_0188,2883.43,2278.74,9.67512260637599,4.13,82
CMP_0189,1588.34,1449.28,4.963650229544231,2.57,56
CMP_0190,918.96,661.84,29.81969139075918,1.51,130
CMP_0191,4537.47,3968.7,5.001165089790224,4.7,67
CMP_0192,4551.88,3658.64,5.629367009281664,2.05,213
CMP_0193,3348.96,2968.1,2.035417742847722,1.22,142
CMP_0194,2025.63,1445.74,14.76564511678658,3.03,99
CMP_0195,2071.44,1991.61,7.015628439973938,4.75,58
CMP_0196,3766.8,3736.84,4.703333253575017,0.52,616
CMP_0197,4537.0,4494.64,9.04972574739782,1.57,428
CMP_0198,4491.89,4154.53,6.208990305876365,4.72,82
CMP_0199,4009.44,2963.08,10.101525706706473,1.27,366
CMP_0200,3389.14,3143.36,2.6480259143960216,1.01,206
CMP_0201,878.63,621.52,4.282587694524598,3.07,20
CMP_0202,1227.33,867.28,5.028625838134074,4.38,18
CMP_0203,4543.49,3621.54,12.00322076507716,2.65,228
CMP_0204,3228.93,2733.59,17.525053652323958,4.98,128
CMP_0205,541.39,504.1,3.6855393680926976,3.56,10
CMP_0206,956.62,865.73,15.647724161661976,0.83,236
CMP_0207,3485.76,2906.32,2.0759556037418188,4.97,38
CMP_0208,522.78,408.86,8.210511790625375,2.34,24
CMP_0209,1223.64,1222.58,7.308256873676093,1.79,72
CMP_0210,2969.3,2458.15,18.66255474070011,3.01,207
CMP_0211,3613.53,3018.8,11.613930058226964,1.87,228
CMP_0212,3433.83,2572.24,2.7436171359912267,0.89,217
CMP_0213,1509.21,1416.31,12.818835580889235,0.51,444
CMP_0214,3704.81,3364.36,10.497481953824698,2.52,227
CMP_0215,1567.62,1201.16,18.09384661954021,4.27,58
CMP_0216,1964.3,1423.56,5.370406839338142,3.08,55
CMP_0217,3859.21,3489.3,7.021620765995569,5.0,97
CMP_0218,3423.35,3068.53,16.398711148917638,1.79,322
CMP_0219,4321.51,3379.33,16.66070394806262,1.76,434
CMP_0220,3459.26,3408.27,3.064643179356815,1.22,188
CMP_0221,3057.39,2278.73,9.2274850105034,1.24,250
CMP_0222,921.54,764.6,10.084946185212566,1.78,70
CMP_0223,2154.72,2118.27,10.741235531926774,4.07,87
CMP_0224,1693.41,1398.62,2.6296652168350665,4.58,24
CMP_0225,1597.95,1424.66,20.686422853644647,4.89,68
CMP_0226,4878.55,3996.89,1.5117257494590146,1.55,159
CMP_0227,2268.94,1774.91,4.038852099359786,4.47,30
CMP_0228,4514.21,4492.51,19.462934229228885,1.98,603
CMP_0229,3340.12,2748.25,8.710472288280389,1.01,373
CMP_0230,4076.65,3947.13,7.917458392385292,4.42,124
CMP_0231,2761.87,2123.84,5.531243108180055,3.36,59
CMP_0232,3096.07,2365.19,3.65256597803353,1.24,153
CMP_0233,2716.33,1926.8,1.9433843441925926,2.43,51
CMP_0234,1378.59,1234.53,9.203945607036244,1.79,79
CMP_0235,3751.03,3040.43,8.487352000057918,3.82,100
CMP_0236,1763.48,1691.72,11.270968880609233,2.54,121
CMP_0237,609.42,513.11,3.7017997153788262,4.95,10
CMP_0238,3404.63,3372.14,3.2263062141508563,0.75,372
CMP_0239,1297.0,980.09,7.998351400034738,2.1,59
CMP_0240,4732.06,4545.56,21.2548115466336,2.67,363
CMP_0241,4792.68,4471.47,8.806734671110354,2.76,257
CMP_0242,4616.89,4299.6,6.103067265080728,1.92,200
CMP_0243,2165.71,2064.86,7.066660618219553,3.78,77
CMP_0244,569.55,528.72,9.45967999026104,4.44,17
CMP_0245,4677.43,4152.93,19.195779483284152,4.72,199
CMP_0246,2426.83,1794.33,11.022037518232437,4.12,81
CMP_0247,4849.95,3442.29,4.5562314683264065,4.33,61
CMP_0248,4836.29,4721.45,4.986141052810631,2.98,163
CMP_0249,4338.54,3839.59,8.326617526317015,4.22,123
CMP_0250,1825.02,1713.62,9.709502935479032,1.87,119
CMP_0251,2232.94,1885.62,3.0891097892159745,2.29,64
CMP_0252,4330.12,3183.47,6.467350464193468,1.93,200
CMP_0253,1926.15,1420.64,24.85267829594994,2.6,177
CMP_0254,1262.72,1143.61,16.281503094412482,1.79,108
CMP_0255,3005.61,2491.93,8.370776827757636,4.83,81
CMP_0256,4712.7,3582.39,4.727709535043737,1.91,157
CMP_0257,3632.13,3078.15,13.325406314672925,0.94,536
CMP_0258,3065.28,2204.74,1.2029520531567723,2.87,43
CMP_0259,937.29,819.75,18.937277179235984,0.76,210
CMP_0260,3267.53,2550.95,5.385213939835038,1.0,224
CMP_0261,4955.24,4654.3,10.527209494046085,1.49,579
CMP_0262,1130.38,896.51,2.6989250486667453,2.59,24
CMP_0263,2832.48,2369.56,14.946319290609441,2.45,163
CMP_0264,4448.18,3129.23,11.474495129351931,4.1,105
CMP_0265,3833.46,2766.74,10.229012070128748,3.83,119
CMP_0266,3636.57,2973.8,3.575761880885036,2.42,120
CMP_0267,3661.18,3089.97,5.6539365694422585,2.0,148
CMP_0268,2117.71,1863.6,10.561264397034538,1.92,122
CMP_0269,1821.16,1434.16,3.94453311446001,3.98,28
CMP_0270,4142.13,3763.1,5.1261301938340065,0.73,429
CMP_0271,4145.51,3971.55,15.905819275347655,0.56,1247
CMP_0272,4401.83,4111.11,1.5525443836999904,4.08,64
CMP_0273,4609.58,3281.49,13.916358260724587,2.65,208
CMP_0274,2801.04,2364.5,4.058768133664861,1.09,197
CMP_0275,2756.82,2016.56,17.236059601859182,1.56,259
CMP_0276,4092.33,3161.79,17.973134538388415,4.7,181
CMP_0277,3424.84,3411.14,9.729243086525663,4.37,133
CMP_0278,3658.85,2717.61,10.03410915973583,3.69,113
CMP_0279,4081.07,3467.55,4.789222242678407,2.67,119
CMP_0280,4505.02,3988.96,6.996510238644486,2.84,160
CMP_0281,2020.98,1840.59,4.53612616070761,4.89,34
CMP_0282,2190.12,1900.79,2.803129937818981,4.85,33
CMP_0283,922.92,648.75,20.866527104126035,1.47,111
CMP_0284,3102.26,2475.41,20.896146187720234,4.15,176
CMP_0285,661.74,566.0,7.99121037634231,1.39,62
CMP_0286,2595.19,1885.04,7.5296361743852875,1.46,151
CMP_0287,2941.9,2368.78,6.856451408510117,3.54,81
CMP_0288,1789.44,1270.43,0.7163213283809023,2.32,26
CMP_0289,3158.75,2285.59,13.556638118434206,4.69,79
CMP_0290,637.25,521.96,13.254744778330704,0.9,102
CMP_0291,668.07,494.25,5.676987980783031,2.8,16
CMP_0292,4201.7,3656.58,14.705822854464982,4.63,179
CMP_0293,2120.86,1923.28,2.5492993559595742,4.57,27
CMP_0294,1071.77,1007.65,10.988654073984426,1.2,131
CMP_0295,2850.09,2166.2,17.80468749173911,2.15,239
CMP_0296,3964.97,2974.7,13.737208257428593,3.29,182
CMP_0297,1471.19,1075.98,11.535269466009979,1.22,139
CMP_0298,3303.01,2942.75,7.656601414506814,4.86,87
CMP_0299,884.06,806.21,18.347603540975157,4.62,41
CMP_0300,732.57,519.74,12.161794508236914,1.25,69
CMP_0301,2891.1,2835.77,5.0380134422909055,1.05,224
CMP_0302,2932.86,2098.73,2.6373998885946692,0.88,179
CMP_0303,3368.43,2904.9,21.029527519876076,4.59,185
CMP_0304,3767.41,3438.58,12.915166468601383,1.37,470
CMP_0305,4891.33,4701.99,9.981667516473939,2.37,336
CMP_0306,2823.35,2581.18,2.9424138923197023,2.52,81
CMP_0307,1953.3,1837.11,3.0592393771600053,3.2,39
CMP_0308,4078.34,3270.16,14.044704466128902,0.82,611
CMP_0309,1718.75,1623.27,0.9320922310726947,1.52,58
CMP_0310,2475.37,1792.25,1.521475472826624,4.69,26
CMP_0311,853.05,826.13,5.806857457705743,4.59,21
CMP_0312,614.08,530.74,8.327470467232185,4.02,16
CMP_0313,4831.92,4567.08,14.317476437045748,0.59,1492
CMP_0314,4261.91,3561.66,6.078290827529012,1.97,193
CMP_0315,3631.88,3243.54,15.95358912154518,3.33,196
CMP_0316,2340.29,2007.78,15.85478914705285,1.74,214
CMP_0317,1279.82,1176.76,14.43947277876288,4.59,42
CMP_0318,1203.97,872.26,15.827516226428829,3.35,47
CMP_0319,1626.09,1167.7,17.34349841251708,0.82,261
CMP_0320,2971.52,2300.35,1.9940990586356617,4.59,30
CMP_0321,3715.68,2778.82,9.86600452045072,4.81,69
CMP_0322,3470.89,3337.38,24.483928742807976,0.85,1216
CMP_0323,1759.7,1347.52,22.459408442847174,2.9,118
CMP_0324,4796.89,4762.16,4.764690634246294,1.87,295
CMP_0325,3820.54,3060.52,13.519913845517992,2.27,219
CMP_0326,2994.59,2259.82,5.647421146427442,1.31,172
CMP_0327,3252.74,3047.52,16.21150904551573,3.1,196
CMP_0328,2388.2,2143.68,7.189956393770003,4.81,43
CMP_0329,1614.79,1371.7,11.760604454437583,2.76,94
CMP_0330,2101.88,1821.51,15.684093888620893,0.87,351
CMP_0331,3910.31,3580.91,8.148662221957736,3.29,168
CMP_0332,564.77,434.05,2.5557370535330146,2.03,18
CMP_0333,1022.33,1021.21,13.833530783419196,4.35,44
CMP_0334,707.01,701.66,7.888127451876634,2.46,37
CMP_0335,683.28,611.6,5.453685604402054,1.37,49
CMP_0336,4349.57,3305.08,7.880502534905911,1.36,298
CMP_0337,3666.46,3314.73,9.64771838442774,3.96,129
CMP_0338,2633.78,1900.69,6.796063610943549,1.7,107
CMP_0339,940.25,666.82,6.77020416561962,3.95,16
CMP_0340,2712.27,2108.26,3.424080517331457,1.43,122
CMP_0341,2630.62,2206.53,5.595752899066559,1.95,122
CMP_0342,1279.41,1228.85,12.887540028002064,2.59,98
CMP_0343,2452.33,2251.61,9.154925826536292,4.74,56
CMP_0344,2293.27,2116.26,5.585068219077493,4.69,53
CMP_0345,3271.33,2707.51,12.203657656085506,1.43,287
CMP_0346,3357.92,2699.03,8.808835325274044,2.11,169
CMP_0347,703.87,571.06,8.218018470490541,1.17,59
CMP_0348,2185.76,2177.66,18.481650931912377,2.79,175
CMP_0349,3316.37,2361.36,15.342188519863129,2.57,160
CMP_0350,2764.11,2653.85,5.329912101755981,4.55,60
CMP_0351,4354.2,3803.84,5.362910857393415,4.69,94
CMP_0352,3464.12,2880.71,15.119094991923173,2.23,253
CMP_0353,1233.2,1131.56,19.961759615281487,2.71,103
CMP_0354,817.56,691.66,16.59826353704031,4.53,37
CMP_0355,3390.89,3262.13,13.189336575771552,4.13,155
CMP_0356,619.3,600.85,11.440858229148537,0.52,189
CMP_0357,3135.99,2591.95,5.436194068929067,1.94,125
CMP_0358,4731.04,3704.63,2.860943384351028,2.4,140
CMP_0359,3089.63,2711.78,4.605759768556163,1.53,175
CMP_0360,2246.76,2187.69,4.662605627003449,1.4,134
CMP_0361,3394.8,2590.91,10.939102456831858,0.67,559
CMP_0362,2562.14,2272.34,8.745506334536154,3.4,103
CMP_0363,2955.28,2628.63,0.9419576814888984,1.68,76
CMP_0364,4736.59,4357.35,4.132626548844072,0.74,643
CMP_0365,2237.46,1654.54,1.0615397773446236,1.54,55
CMP_0366,4825.36,4413.99,5.944236951666774,4.11,131
CMP_0367,4574.08,4449.25,17.06945198484484,4.33,217
CMP_0368,1381.06,1041.19,5.345554058195829,2.67,40
CMP_0369,812.13,626.37,20.540680805752665,2.37,77
CMP_0370,953.5,945.32,6.387534894503248,4.9,21
CMP_0371,582.0,439.0,10.642467592851915,1.4,49
CMP_0372,924.99,884.58,3.2929526823103674,1.47,40
CMP_0373,3573.53,3029.22,8.680565177114923,1.81,183
CMP_0374,820.35,635.09,21.09071520136824,1.28,116
CMP_0375,1935.39,1860.35,17.393472264615998,2.21,202
CMP_0376,4301.94,3586.06,7.642712639645091,4.6,83
CMP_0377,604.72,516.7,7.613324281532405,3.27,16
CMP_0378,4165.11,3364.45,6.685950520231771,2.35,161
CMP_0379,1768.35,1552.41,11.941171498201342,4.7,59
CMP_0380,1031.74,772.83,20.39250340594681,0.72,295
CMP_0381,3635.32,2971.24,5.375340012209759,1.45,185
CMP_0382,3330.24,3299.68,4.768927493754152,3.05,87
CMP_0383,4448.62,3458.54,6.3470105458517,3.27,141
CMP_0384,3807.82,3415.69,2.815145100061921,0.68,354
CMP_0385,4115.66,3282.47,13.880932242592566,2.31,306
CMP_0386,1769.16,1648.93,2.4567498607147846,3.42,41
CMP_0387,1298.48,959.92,19.212583085888678,3.64,70
CMP_0388,3877.77,3842.66,6.534928046725938,3.37,114
CMP_0389,4130.76,3453.88,11.151868734207614,1.94,324
CMP_0390,4957.27,3821.14,1.1044572228686567,0.92,280
CMP_0391,2356.78,1701.71,13.49504259143992,2.42,135
CMP_0392,2174.08,1632.58,10.727541711437203,1.08,222
CMP_0393,3993.86,3418.47,11.786074748004067,4.76,109
CMP_0394,2033.62,1629.13,7.006644426421796,2.64,62
CMP_0395,4688.41,4447.73,16.663354351779336,1.93,501
CMP_0396,4362.86,3617.97,3.4497866781446214,3.95,80
CMP_0397,2430.47,1882.68,10.114235860250355,2.74,98
CMP_0398,3878.92,3433.4,1.3349189434095188,1.9,113
CMP_0399,3895.44,3552.77,3.8979651698034576,4.15,72
CMP_0400,964.06,723.15,14.899415424102031,4.4,34
CMP_0401,4561.49,3422.42,5.590859068229407,3.53,119
CMP_0402,2773.64,1972.06,3.979010711452865,0.71,215
CMP_0403,4219.06,3885.42,3.7536815667367702,3.05,106
CMP_0404,1940.22,1744.53,17.480747155842895,3.93,85
CMP_0405,4529.85,3815.9,5.583666817796627,1.11,382
CMP_0406,2251.41,2146.16,17.980321001469616,1.53,351
CMP_0407,548.77,516.78,4.564196637832642,4.47,12
CMP_0408,4574.22,4005.22,12.840192110234936,0.59,1103
CMP_0409,910.79,874.8,7.604741564818947,3.89,33
CMP_0410,1936.91,1475.45,7.243567150677964,2.63,56
CMP_0411,4775.28,3503.03,8.210144921556903,2.51,191
CMP_0412,4777.73,3731.05,3.0983472568664867,0.53,469
CMP_0413,3080.47,2209.09,5.049558526811601,4.19,61
CMP_0414,3343.27,2873.04,5.895193562890497,2.12,149
CMP_0415,2518.0,2470.11,7.266670115618036,2.93,110
CMP_0416,1819.45,1295.09,9.286301057096843,3.55,59
CMP_0417,1978.99,1457.79,11.71463186218784,3.66,57
CMP_0418,3526.33,2946.81,17.03453341292018,4.8,110
CMP_0419,3885.69,3808.61,8.892297707783822,2.89,210
CMP_0420,4062.11,3228.76,8.955353717099761,2.3,181
CMP_0421,4053.28,3454.09,14.662364670134842,4.79,120
CMP_0422,910.43,648.66,8.806342636113092,3.39,26
CMP_0423,2724.89,2028.69,8.427266195928775,1.84,153
CMP_0424,759.01,755.97,13.201323987990602,1.07,104
CMP_0425,2972.88,2941.77,9.797227261980977,4.29,92
CMP_0426,2486.89,1744.51,19.323279873194483,2.13,161
CMP_0427,4494.67,4429.69,14.424675168762205,3.47,240
CMP_0428,2079.12,1854.03,5.828802902301355,2.62,88
CMP_0429,1026.8,986.11,7.536953448210229,1.4,105
CMP_0430,1143.46,956.42,18.10495013694857,3.21,72
CMP_0431,3926.8,3356.15,9.159308469250007,0.77,533
CMP_0432,3281.98,2778.7,17.235312808392333,2.36,304
CMP_0433,955.05,859.6,7.539344724418551,2.96,36
CMP_0434,878.48,651.74,9.551288685813988,2.46,33
CMP_0435,3654.36,2590.91,6.534503776053042,3.87,90
CMP_0436,827.43,655.64,5.669572349012246,4.23,18
CMP_0437,4198.37,3826.41,4.510399430287544,3.97,100
CMP_0438,3678.09,2797.39,7.457414107383527,0.67,563
CMP_0439,866.07,781.22,7.7230247437099235,1.37,63
CMP_0440,881.77,873.81,9.582070954274993,2.91,38
CMP_0441,4939.88,3597.07,13.447596232442368,4.71,151
CMP_0442,2184.22,1969.69,1.4030032491559015,4.26,26
CMP_0443,2167.89,1806.12,7.612490639656835,4.29,51
CMP_0444,4157.6,3993.14,15.640126711368568,1.86,493
CMP_0445,4762.62,3586.94,3.461005130059814,2.43,139
CMP_0446,4937.0,4481.75,13.784160466246098,2.62,315
CMP_0447,3890.2,3701.27,7.92086215661103,1.21,441
CMP_0448,2193.17,2156.73,11.505551287164652,0.64,631
CMP_0449,875.75,792.53,14.402430995220397,4.76,34
CMP_0450,3997.16,3394.2,4.125557224846099,1.58,174
CMP_0451,3012.82,2667.41,1.0905846668754873,1.58,93
CMP_0452,2409.0,2314.26,12.646177324162961,0.88,429
CMP_0453,4578.59,3988.79,3.7653643668474066,4.68,63
CMP_0454,1000.39,709.39,7.644352946426867,3.11,26
CMP_0455,2716.81,2660.53,25.461833934177037,3.5,204
CMP_0456,551.09,499.76,6.550149874311612,4.6,12
CMP_0457,2608.97,2355.78,11.967562126362319,2.06,225
CMP_0458,753.36,576.1,4.092698365647729,3.3,13
CMP_0459,1034.68,928.8,17.749102988214467,0.67,343
CMP_0460,1028.87,841.78,1.1687743023686992,1.34,41
CMP_0461,3421.45,3063.46,18.487496661107834,4.24,142
CMP_0462,3857.2,2823.39,2.4500935960509262,3.95,62
CMP_0463,3125.16,2804.37,19.53696073624891,2.08,339
CMP_0464,4829.78,4828.93,13.693146675152706,2.2,387
CMP_0465,2186.92,1562.47,3.802639969483724,2.9,52
CMP_0466,1785.7,1773.47,8.888086644344122,0.5,444
CMP_0467,4408.7,3624.27,10.433413250495187,1.59,379
CMP_0468,1506.18,1447.78,4.637295883099367,1.44,79
CMP_0469,4834.5,4518.88,7.0496236480248085,1.63,379
CMP_0470,554.7,482.65,21.399581036113567,4.13,30
CMP_0471,4864.45,4482.76,9.99811528962158,1.76,402
CMP_0472,694.22,668.92,14.908819673061538,1.36,87
CMP_0473,4510.14,3703.92,13.93438753947223,2.77,271
CMP_0474,2874.65,2294.29,10.294245775209419,4.4,88
CMP_0475,4968.34,4472.89,11.20089649734233,1.59,450
CMP_0476,832.08,784.11,20.765520223428837,0.85,248
CMP_0477,2992.34,2778.94,4.725062868279054,2.1,126
CMP_0478,4861.86,4566.96,15.59752409061196,3.86,282
CMP_0479,2853.94,2370.7,23.72244920392407,2.98,228
CMP_0480,3332.29,3150.18,11.94792433481983,4.18,145
CMP_0481,3630.87,2672.55,12.478419946257034,4.82,108
CMP_0482,2545.43,2197.59,20.692624672568268,4.07,133
CMP_0483,3324.01,2332.55,28.1419330086477,3.22,214
CMP_0484,3129.41,2495.32,9.278954575083254,2.72,126
CMP_0485,4555.21,3689.44,10.824644661771398,0.68,970
CMP_0486,704.51,576.89,13.930730092054326,4.93,19
CMP_0487,1764.33,1603.14,2.5468867922930865,2.23,54
CMP_0488,4776.85,3900.62,17.321478232034398,1.19,821
CMP_0489,4506.19,3760.9,2.3226912410596836,3.5,74
CMP_0490,2550.46,1967.08,12.892876016329202,1.78,208
CMP_0491,3290.6,2671.89,2.5158978979555426,3.14,57
CMP_0492,1748.22,1342.95,4.583955065634542,3.14,34
CMP_0493,1346.55,972.15,5.613579559339622,2.51,45
CMP_0494,2586.64,2278.92,5.069904800259476,4.26,45
CMP_0495,2090.09,1882.05,12.974714086881791,1.69,181
CMP_0496,3126.45,2769.56,4.221716827316508,2.52,115
CMP_0497,849.81,713.03,1.777508856138263,2.92,15
CMP_0498,4884.78,3975.9,4.993990774110657,3.49,135
CMP_0499,4937.95,4735.49,9.95432546058059,4.03,209
CMP_0500,3641.73,3116.32,13.06004215037514,2.28,223
CMP_0501,2912.43,2457.38,7.818380513389778,3.41,75
CMP_0502,1892.87,1339.57,19.892003000647886,1.18,305
CMP_0503,4162.08,3339.55,17.014258198541814,4.7,153
CMP_0504,3581.29,2915.38,13.048636564103777,2.22,199
CMP_0505,1231.78,1009.62,7.524063572796747,3.78,36
CMP_0506,4599.17,4019.91,8.178824975744178,0.59,729
CMP_0507,4201.42,3613.56,27.07281049861765,1.42,937
CMP_0508,4774.1,4212.53,9.128830035815396,2.69,189
CMP_0509,3765.74,3500.12,18.024612125068668,4.45,154
CMP_0510,3260.37,3077.45,4.415489407259377,2.87,87
CMP_0511,2382.09,2180.65,4.972444898310504,4.68,55
CMP_0512,4697.28,4634.6,5.243346589357443,2.68,190
CMP_0513,4397.29,3102.16,2.7547119226374273,2.71,99
CMP_0514,703.48,533.75,9.552218695984068,1.04,71
CMP_0515,618.65,434.46,7.072672904846315,4.11,11
CMP_0516,2194.09,1962.05,8.195712584321969,1.61,143
CMP_0517,4147.49,4020.61,21.8042075261853,4.55,235
CMP_0518,4942.74,3820.96,2.3052368093135875,4.6,61
CMP_0519,1176.88,1151.12,6.301840850632789,4.74,28
CMP_0520,3173.59,2278.89,8.560621636670836,2.84,98
CMP_0521,2214.01,2170.46,7.137977172916073,3.55,87
CMP_0522,4864.61,3918.38,23.21180985144261,4.0,239
CMP_0523,4289.54,3133.19,1.9669110805154901,1.09,237
CMP_0524,4272.48,3613.5,21.227187728285656,3.2,238
CMP_0525,2609.12,2027.37,2.5735385018756456,0.65,234
CMP_0526,2366.69,1858.94,6.573077815601619,2.74,73
CMP_0527,1730.33,1370.74,2.5559651059402895,1.2,84
CMP_0528,753.69,709.15,0.6235656748885188,1.32,31
CMP_0529,4391.25,3784.15,18.731341765069626,2.14,408
CMP_0530,4158.05,3298.96,5.494862745610216,2.45,136
CMP_0531,4998.73,4414.38,12.80721333717584,3.3,260
CMP_0532,4984.87,4560.38,6.0010368777831955,0.83,649
CMP_0533,2999.44,2344.92,22.955796873647685,2.77,268
CMP_0534,3960.44,3263.66,5.9071511730566195,1.32,242
CMP_0535,4751.45,3499.76,7.581189368777533,3.08,149
CMP_0536,4323.41,3261.34,5.8463563799206355,3.37,108
CMP_0537,1613.07,1458.76,3.4403062374463134,3.01,38
CMP_0538,2527.45,1906.79,12.611434642124541,3.82,87
CMP_0539,1081.22,927.2,9.38560056796228,2.01,61
CMP_0540,4793.23,4374.85,0.4780154519999188,3.94,52
CMP_0541,3227.79,2362.95,21.74455360039215,2.45,228
CMP_0542,1528.89,1330.43,4.281789694865281,2.68,38
CMP_0543,3522.65,2736.99,3.2459308545519177,3.42,70
CMP_0544,3281.58,3245.08,2.2443328625974903,0.58,431
CMP_0545,2111.73,1784.55,3.739691656319863,3.44,53
CMP_0546,1011.01,952.17,14.077461233491057,3.28,60
CMP_0547,3522.08,3046.84,12.20555536618864,1.89,227
CMP_0548,2841.38,2025.97,7.088598937348962,0.89,317
CMP_0549,3975.43,3537.92,37.23935838163535,0.91,1880
CMP_0550,2840.74,2799.32,6.696467103966833,4.65,68
CMP_0551,4334.82,3816.74,8.119016421311782,3.6,143
CMP_0552,2983.58,2821.74,3.45898044083391,1.07,265
CMP_0553,3024.22,2919.16,7.730337329234471,2.11,178
CMP_0554,4444.94,3415.6,15.898410097027632,3.17,261
CMP_0555,2315.67,1768.28,21.553375110873212,4.26,91
CMP_0556,1103.07,974.34,11.2651806612872,0.7,198
CMP_0557,629.52,518.29,2.107043980318193,1.56,23
CMP_0558,3898.12,3710.85,2.602266032983377,4.5,64
CMP_0559,3291.39,3192.67,1.8804614559263626,0.54,458
CMP_0560,3668.36,2956.8,4.637074874496633,1.41,241
CMP_0561,1458.34,1124.47,7.499843976883863,4.82,27
CMP_0562,1113.67,1040.34,2.4508514083160278,3.26,19
CMP_0563,565.45,442.43,13.592875819747057,1.68,54
CMP_0564,2077.64,1967.08,4.395739978186601,0.8,240
CMP_0565,3154.63,2609.26,9.225944274178046,0.63,518
CMP_0566,2265.1,2039.19,14.973693718596722,1.6,254
CMP_0567,2468.64,1798.8,7.341685711453725,4.47,54
CMP_0568,4568.71,4053.17,15.237668378961168,2.37,383
CMP_0569,2067.15,1727.17,8.54920838313735,3.74,62
CMP_0570,2812.95,2464.1,6.865503928159679,4.63,58
CMP_0571,4026.44,3021.46,5.019097320419679,2.34,153
CMP_0572,2284.44,2104.11,4.975749376055343,1.36,164
CMP_0573,3299.39,3163.58,13.431095673225743,2.83,198
CMP_0574,4380.64,3351.29,11.104310743740355,4.59,107
CMP_0575,4772.84,3478.04,8.13404927936994,4.12,121
CMP_0576,1161.83,821.52,2.515619868317314,0.8,69
CMP_0577,4669.64,4168.08,5.113514156484652,3.62,101
CMP_0578,2714.52,2394.55,3.9581927819191294,3.07,70
CMP_0579,1662.1,1436.07,0.8950237447208641,4.58,16
CMP_0580,2566.11,1974.84,3.388219058614167,1.05,165
CMP_0581,4910.15,4012.93,2.6236298776232663,2.9,89
CMP_0582,2716.78,2386.26,8.015892473741024,4.46,73
CMP_0583,1979.38,1680.55,13.656838551710662,2.35,121
CMP_0584,3350.3,3338.02,6.47950202624656,2.67,114
CMP_0585,1580.66,1171.16,7.085135350166512,0.82,146
CMP_0586,841.38,764.43,10.387068285550924,1.75,78
CMP_0587,1079.96,886.97,8.412061238563341,1.96,69
CMP_0588,1076.21,891.6,10.50447280878891,4.75,26
CMP_0589,1183.56,1083.29,16.628805532874868,1.77,147
CMP_0590,1124.72,1020.94,7.929320486021514,2.57,53
CMP_0591,3383.94,3375.06,18.53101238517932,3.52,268
CMP_0592,1318.46,973.71,8.843094080176982,1.23,104
CMP_0593,2055.5,1503.05,7.582983107804902,2.69,75
CMP_0594,4535.55,4160.47,24.545336987759526,3.82,265
CMP_0595,2632.83,2299.82,6.991643703525943,4.4,60
CMP_0596,3504.01,2741.01,2.448372378809932,3.32,72
CMP_0597,1275.44,923.2,8.802410261518236,3.51,36
CMP_0598,1365.3,990.79,15.776565057479527,1.07,176
CMP_0599,683.91,662.2,13.221485067660922,4.76,21
CMP_0600,1260.21,954.68,7.948784411773116,1.1,121
CMP_0601,1753.66,1397.69,3.9340270308547205,3.99,33
CMP_0602,1296.55,995.75,9.394455741284713,1.69,80
CMP_0603,899.16,725.17,0.6790078328419064,4.7,10
CMP_0604,1042.86,751.72,4.593490363798179,3.74,15
CMP_0605,2573.5,2202.19,17.88018681672084,3.89,119
CMP_0606,1428.5,1028.93,5.639063743411768,1.49,85
CMP_0607,2139.21,2011.09,9.486968047994736,2.49,108
CMP_0608,2765.38,2129.66,3.372896096986756,3.28,48
CMP_0609,3606.78,3109.06,2.6111564421077995,3.96,60
CMP_0610,676.9,652.55,13.405421242073237,0.97,139
CMP_0611,4097.35,3668.21,4.887793213906957,4.83,63
CMP_0612,3325.55,2859.6,1.2055356935980883,4.51,46
CMP_0613,867.92,691.99,0.8563143962294615,1.72,26
CMP_0614,4431.1,3544.44,7.500250238192693,4.2,92
CMP_0615,4643.93,4183.47,11.903566105574592,2.83,271
CMP_0616,774.85,773.49,6.84088810982643,2.58,33
CMP_0617,1745.95,1568.83,12.446263789579115,1.91,137
CMP_0618,4127.91,3580.28,8.411814634158658,3.11,171
CMP_0619,3867.17,3554.68,6.6259415630092455,3.78,129
CMP_0620,1330.34,1116.9,3.1812562061293117,2.35,33
CMP_0621,1442.07,1035.47,3.3315642245977655,3.33,25
CMP_0622,2167.12,1882.55,10.184995517758255,3.65,77
CMP_0623,2680.35,2646.28,3.7693635642023944,3.7,59
CMP_0624,3282.15,2470.12,5.995710358060569,0.73,351
CMP_0625,2160.11,1959.22,5.441501695866966,4.37,38
CMP_0626,2581.41,1962.59,3.587238474510604,2.56,70
CMP_0627,3863.62,3325.6,14.48418902695083,1.68,375
CMP_0628,665.07,484.84,19.504471643935247,1.59,65
CMP_0629,1635.97,1366.22,15.17889519185093,2.67,116
CMP_0630,3710.07,3438.67,5.616032744675937,4.49,91
CMP_0631,4528.43,3642.09,16.699554934094973,2.2,357
CMP_0632,2802.55,2520.82,9.581475818551192,3.87,87
CMP_0633,2894.51,2716.89,20.727167815199795,0.94,784
CMP_0634,982.27,960.81,6.115888891251732,2.64,37
CMP_0635,2513.36,1936.27,4.545375711933522,4.96,33
CMP_0636,2896.78,2374.77,8.132009271406405,3.97,85
CMP_0637,1591.12,1186.54,7.032276277858894,1.45,80
CMP_0638,1711.59,1707.73,2.1094442718358337,2.76,36
CMP_0639,2197.78,2149.65,4.25113999686865,1.55,102
CMP_0640,590.32,508.85,13.420396799254267,2.34,34
CMP_0641,1949.36,1856.98,1.9175319684828627,4.01,26
CMP_0642,1451.52,1242.92,6.2356803232313744,3.97,42
CMP_0643,1973.74,1750.86,6.016083592037569,1.53,115
CMP_0644,1038.93,755.03,12.371036682267418,4.65,24
CMP_0645,4507.37,4176.44,11.136463274303708,3.17,190
CMP_0646,3171.17,2341.32,13.768320983654487,2.21,233
CMP_0647,3555.96,3370.41,5.145415381738227,2.76,124
CMP_0648,4051.27,3786.35,5.4278691403685695,3.22,115
CMP_0649,2742.99,2503.32,3.4873440114306966,3.02,80
CMP_0650,891.14,633.47,3.9671395582565725,2.69,20
CMP_0651,2916.98,2307.15,7.8525158514935995,2.77,99
CMP_0652,3140.79,2446.47,9.626515591254304,1.29,244
CMP_0653,3854.48,3114.58,4.9747623247069095,4.16,71
CMP_0654,2442.47,1773.95,9.301077251772998,2.94,79
CMP_0655,1074.11,1053.8,18.48341254924849,1.09,243
CMP_0656,1776.99,1539.12,10.894086620243208,3.95,56
CMP_0657,2133.87,1689.29,4.7523566405347655,4.7,36
CMP_0658,3406.63,2790.35,0.420415121666559,4.76,26
CMP_0659,3068.5,2559.62,9.384926060463087,2.16,149
CMP_0660,2102.44,1850.52,4.470186873871873,1.11,152
CMP_0661,4939.32,4221.66,3.8222887773491614,2.83,154
CMP_0662,3225.99,3147.98,8.801086351039164,1.01,409
CMP_0663,1567.52,1330.96,14.37523098533732,4.7,58
CMP_0664,958.02,955.77,6.771165839089964,1.33,76
CMP_0665,1187.87,1134.92,15.674839941184329,1.64,121
CMP_0666,1606.81,1225.28,7.49019149411336,2.33,54
CMP_0667,1223.07,1197.6,14.086722666944521,2.22,94
CMP_0668,1339.55,984.45,18.803988398798182,4.08,49
CMP_0669,1782.93,1685.29,0.5556880744080644,2.55,31
CMP_0670,1280.18,1042.31,6.566142625441786,1.27,104
CMP_0671,4535.44,4369.41,19.305201910939534,1.7,503
CMP_0672,861.05,826.97,12.601126195516269,2.79,53
CMP_0673,2860.3,2693.77,4.40881958631131,1.16,207
CMP_0674,2346.79,2198.96,9.929750557821626,3.25,101
CMP_0675,4920.7,3894.26,19.14000508158385,3.05,315
CMP_0676,1004.18,727.3,5.272933309653072,3.72,18
CMP_0677,2290.35,1880.13,14.393591873600029,4.72,70
CMP_0678,4862.62,3656.97,9.111156257382671,4.61,122
CMP_0679,4394.78,3992.59,5.546572343380345,4.76,101
CMP_0680,4176.82,3357.45,11.032087104347827,1.6,295
CMP_0681,1660.56,1648.41,15.010132326157569,1.09,253
CMP_0682,1268.99,1132.31,4.667244974651634,1.86,68
CMP_0683,3508.89,3322.02,16.35682683134469,4.53,147
CMP_0684,4682.19,3463.68,0.14359271124467446,4.87,37
CMP_0685,3005.43,2881.02,6.352998860597745,4.37,70
CMP_0686,3072.26,3001.07,10.621639945520538,1.0,398
CMP_0687,1759.91,1489.09,5.816295003643032,4.76,35
CMP_0688,3962.72,3494.63,9.279512602109936,2.41,209
CMP_0689,1341.7,1247.03,6.700245880218415,0.54,238
CMP_0690,1956.56,1472.22,9.080968710185122,2.49,81
CMP_0691,2414.46,2054.15,11.641478102509408,0.71,538
CMP_0692,2784.25,2281.97,6.166192507466723,2.95,89
CMP_0693,1590.84,1183.45,20.140108914554208,2.02,123
CMP_0694,1016.77,823.85,7.589484979021845,2.63,40
CMP_0695,3247.79,2339.88,6.207279063539568,3.26,86
CMP_0696,1798.84,1273.12,28.444377947895845,4.41,107
CMP_0697,3115.57,2307.24,17.619495325246653,3.48,157
CMP_0698,1194.63,1181.41,13.184860748996885,2.45,75
CMP_0699,2665.13,2304.96,2.2461093869476523,4.19,43
CMP_0700,2896.65,2866.95,19.85014891904089,4.58,166
CMP_0701,733.21,608.38,12.977190288079912,1.04,85
CMP_0702,2014.72,1598.77,2.281989832797795,2.89,38
CMP_0703,1104.87,941.18,14.631391446515346,1.78,96
CMP_0704,785.19,653.16,4.758731438113235,0.71,95
CMP_0705,4954.82,3625.44,18.096068689976004,3.51,211
CMP_0706,1950.59,1740.41,20.928124667257745,4.38,106
CMP_0707,4144.44,3169.72,9.951977475531688,1.23,448
CMP_0708,1645.88,1458.05,4.978558146443007,4.16,39
CMP_0709,3566.76,3192.47,12.121563588916672,4.34,147
CMP_0710,3921.03,2923.55,3.0720879483487993,4.61,60
CMP_0711,3180.37,2284.79,11.81615597510975,1.69,182
CMP_0712,2622.09,2449.63,6.9980653263701145,4.57,67
CMP_0713,2353.28,1971.91,8.535081650778116,1.94,132
CMP_0714,2069.91,1485.06,3.5544609636216613,2.99,48
CMP_0715,4682.88,4675.67,4.971870183900292,0.73,575
CMP_0716,4237.79,3039.91,9.71947833066161,0.7,762
CMP_0717,4842.62,4399.57,12.173986679375547,3.74,211
CMP_0718,1059.34,1054.15,7.146027268890013,2.5,57
CMP_0719,3788.9,2924.1,4.754156813229495,1.65,144
CMP_0720,4722.53,3507.3,16.48667606638916,1.36,483
CMP_0721,1315.55,968.79,6.645035977668757,3.51,35
CMP_0722,799.23,632.18,7.284824286967222,0.5,125
CMP_0723,3835.04,2800.78,5.687672778794733,4.13,81
CMP_0724,3085.13,2800.21,5.835736311674792,0.86,284
CMP_0725,4288.23,3081.9,10.847860975315365,1.36,381
CMP_0726,1128.98,962.82,6.879517870554974,2.24,48
CMP_0727,4078.7,4074.66,15.744068094145353,2.68,329
CMP_0728,1407.32,1328.78,4.241643373221379,2.1,63
CMP_0729,1236.45,1093.72,10.814347261362595,1.94,83
CMP_0730,1239.2,981.29,2.975212386343309,4.84,13
CMP_0731,4165.59,3695.58,4.283269047882513,3.39,83
CMP_0732,3493.39,2997.72,0.16304999375623194,0.61,262
CMP_0733,2853.79,2362.44,4.345776263492806,2.44,91
CMP_0734,2114.74,1563.24,1.1651810279769008,4.44,23
CMP_0735,4447.4,4296.11,7.900133917460855,1.86,299
CMP_0736,2266.0,1891.96,5.026407127741532,0.93,197
CMP_0737,4174.7,3166.04,1.2773210165209212,3.91,48
CMP_0738,2476.11,2006.46,11.250151612227448,3.23,81
CMP_0739,2196.25,1810.23,14.399580129864919,3.07,106
CMP_0740,2582.06,2448.47,23.275294773411286,0.74,1113
CMP_0741,1856.2,1707.86,2.0459515430086648,1.13,122
CMP_0742,3864.24,3596.8,8.368802845732187,3.3,135
CMP_0743,2762.24,1942.71,11.843251122588615,1.44,235
CMP_0744,1544.96,1274.35,14.428354965878468,2.77,101
CMP_0745,4548.09,3840.42,7.467047499382012,2.95,158
CMP_0746,2227.51,1572.08,8.844179832337819,1.78,98
CMP_0747,2945.99,2291.82,13.419519461078316,4.77,73
CMP_0748,4579.12,4249.82,14.63776176757155,4.29,195
CMP_0749,3309.07,2452.46,7.931042837597239,3.75,100
CMP_0750,1026.04,883.0,0.9379808682337752,0.85,66
CMP_0751,4729.24,3615.79,6.899004015969188,0.98,363
CMP_0752,3324.69,2339.37,13.075727759776267,2.72,136
CMP_0753,2007.08,1550.19,5.280410841521109,1.22,144
CMP_0754,1126.72,1118.56,11.927615678483557,4.9,43
CMP_0755,4073.11,3830.6,2.0426947730190896,1.21,233
CMP_0756,3290.33,3250.43,21.60738313700483,2.69,340
CMP_0757,2900.57,2454.92,4.0547541104063765,2.14,84
CMP_0758,4522.52,3314.65,2.954678874990761,3.38,88
CMP_0759,4048.69,3499.64,4.064490011952145,1.08,327
CMP_0760,1182.54,988.97,11.79534841967116,2.44,61
CMP_0761,1902.75,1813.91,4.6448553918904985,1.74,108
CMP_0762,1618.2,1180.36,9.330879831642985,4.49,33
CMP_0763,3847.76,3257.02,19.88903908153308,0.68,972
CMP_0764,650.9,484.93,4.048616099103994,4.61,8
CMP_0765,3064.5,2443.64,15.318948082497164,4.25,101
CMP_0766,3931.06,3621.32,12.2048882210183,1.84,316
CMP_0767,4445.45,3746.65,0.9207723017333277,4.05,52
CMP_0768,2039.37,1657.53,18.720518343809765,0.64,616
CMP_0769,4195.66,3433.49,10.667288193339337,4.85,109
CMP_0770,997.84,836.02,0.8864021768422795,2.87,15
CMP_0771,4309.04,4031.13,8.886980574408968,1.86,244
CMP_0772,1073.7,1038.94,10.053029519311572,2.13,76
CMP_0773,2287.79,2257.13,7.4516739567559735,0.8,336
CMP_0774,4087.83,3826.5,5.151639476540957,4.95,72
CMP_0775,1174.63,933.39,1.5750471381432107,0.68,103
CMP_0776,1531.63,1388.33,12.7336106635444,3.45,78
CMP_0777,3750.14,3117.42,0.32060238342354336,2.49,76
CMP_0778,3740.16,2903.86,8.407218225583366,4.77,81
CMP_0779,3385.16,3223.56,5.27834282178353,1.61,175
CMP_0780,3622.77,2577.7,7.681918933219912,2.89,121
CMP_0781,2942.26,2855.55,10.868577967659244,2.67,149
CMP_0782,1633.1,1369.26,4.580599077607175,3.66,34
CMP_0783,2055.63,1831.9,12.61354661039847,0.81,329
CMP_0784,1317.19,1182.58,8.746167211233523,1.37,134
CMP_0785,4588.03,4443.67,5.9985325289156535,1.47,282
CMP_0786,3125.26,2784.61,9.387257571431409,3.82,121
CMP_0787,2303.83,2037.0,5.722289047069722,1.35,185
CMP_0788,2579.03,1856.89,14.230040487115758,3.08,114
CMP_0789,4762.78,4074.67,9.923616158965093,1.47,454
CMP_0790,1190.08,886.67,13.801823054120485,4.38,39
CMP_0791,3138.03,2890.85,11.799175035294173,4.74,114
CMP_0792,2776.5,2370.21,2.2630871816358717,2.83,59
CMP_0793,3251.54,2939.61,4.380039823068404,2.09,147
CMP_0794,581.5,414.32,5.442517124370534,1.55,27
CMP_0795,4424.56,3209.74,9.814146302571787,0.72,776
CMP_0796,4694.53,4295.01,1.2478928253427466,1.71,156
CMP_0797,3043.1,2195.98,8.040140168987804,3.44,81
CMP_0798,3634.93,2622.15,14.748801702282577,2.9,198
CMP_0799,4651.25,3272.77,15.669135493878402,4.75,160
CMP_0800,3682.57,3634.51,1.553099850963107,2.28,106
CMP_0801,1186.43,1093.0,11.348694633619608,3.62,43
CMP_0802,3093.3,2493.12,6.404343818205825,2.7,103
CMP_0803,3230.22,2548.52,12.286888721400663,2.81,186
CMP_0804,2408.59,1938.7,7.557668144979949,1.7,157
CMP_0805,3814.0,3556.16,12.033575509758723,2.55,267
CMP_0806,4704.65,4226.71,4.67809299783744,2.62,126
CMP_0807,4665.06,3524.73,2.562537544594436,3.68,71
CMP_0808,2528.78,1902.23,10.798993047195514,4.73,67
CMP_0809,1009.57,736.5,11.655070398163089,1.98,70
CMP_0810,4931.79,4429.2,12.4295829738942,0.69,917
CMP_0811,4275.04,3972.85,9.75432781769985,2.73,244
CMP_0812,1060.98,827.05,3.390531192598361,2.95,23
CMP_0813,4643.79,3279.83,2.393541467881056,1.26,169
CMP_0814,4414.53,3199.0,8.790208744374379,3.92,104
CMP_0815,2834.77,2807.44,8.212087930785277,4.93,68
CMP_0816,3160.74,2492.67,8.42020673032629,4.76,71
CMP_0817,2295.51,2136.58,3.706818690290037,1.39,109
CMP_0818,746.43,662.38,3.383069800969967,4.44,10
CMP_0819,2008.39,1636.0,4.119988254391961,3.67,45
CMP_0820,4112.84,3132.78,12.040477679114126,2.54,179
CMP_0821,520.84,383.55,15.715984800879962,2.93,24
CMP_0822,2000.75,1769.67,4.568023811917012,4.32,38
CMP_0823,2291.76,2136.81,3.2209674205223595,2.66,66
CMP_0824,2918.28,2606.52,4.936175909084827,2.18,131
CMP_0825,4639.35,3985.62,18.468495838744627,2.72,336
CMP_0826,2058.56,1466.9,4.507641415391422,3.11,50
CMP_0827,2061.29,2041.8,10.548397940009039,1.35,246
CMP_0828,3818.76,3588.16,5.502991248878156,4.55,70
CMP_0829,2534.98,1997.18,4.338844132082205,3.53,45
CMP_0830,1510.72,1501.64,12.457999558482518,3.35,76
CMP_0831,2535.98,2233.09,17.65936780398821,0.95,510
CMP_0832,1133.86,991.82,4.178249952951902,3.22,31
CMP_0833,1293.74,1195.96,1.9373237001322234,1.04,82
CMP_0834,2742.65,2587.78,8.951552653571245,0.85,405
CMP_0835,2385.16,2139.35,7.341590270971354,2.87,79
CMP_0836,4616.81,3409.19,8.572979956071237,2.31,178
CMP_0837,2130.77,1707.77,4.211513195656718,3.15,51
CMP_0838,3112.65,3045.49,11.11122069951886,0.9,528
CMP_0839,3345.19,2567.05,5.339112696797928,2.44,109
CMP_0840,558.93,453.66,6.957969738066523,1.29,36
CMP_0841,3485.92,2892.0,17.682774790255557,4.94,141
CMP_0842,1301.16,1082.33,4.884277765261472,3.03,40
CMP_0843,4824.82,4264.57,5.496598216011084,3.59,112
CMP_0844,1168.98,1149.02,3.216573661887878,1.96,48
CMP_0845,2365.81,1826.9,5.43473561911987,0.93,243
CMP_0846,884.07,651.07,12.763927894958213,4.89,22
CMP_0847,4985.93,3785.52,19.76899257524474,1.79,543
CMP_0848,2759.88,2666.26,8.670977201857749,2.41,126
CMP_0849,3179.23,2841.42,7.892549366076325,3.42,111
CMP_0850,801.84,630.06,3.1740925472375148,0.61,70
CMP_0851,3874.82,3660.87,5.389642583660425,4.15,108
CMP_0852,1444.58,1384.5,2.041331214650883,2.91,36
CMP_0853,4541.24,4332.14,9.072152319574375,1.75,388
CMP_0854,1423.13,1388.52,1.8755875212514155,0.78,132
CMP_0855,1358.09,1053.43,4.99205630011723,1.23,88
CMP_0856,664.47,615.64,2.1939170185538224,4.53,9
CMP_0857,2624.3,2199.59,5.7043479885963775,3.59,74
CMP_0858,3041.79,2897.61,8.182664966658805,1.62,278
CMP_0859,795.69,730.88,10.941785703714867,0.8,145
CMP_0860,3989.87,3722.29,5.55418611517137,3.61,127
CMP_0861,2539.8,2277.82,3.339696077806368,3.08,63
CMP_0862,2859.76,2154.05,16.67706364092347,2.32,204
CMP_0863,2483.43,2144.46,13.359658740191712,2.14,180
CMP_0864,2303.43,2292.84,9.85037905376726,1.48,203
CMP_0865,3018.38,2961.68,7.447079589796961,3.51,84
CMP_0866,1198.58,854.53,20.74752507440443,4.87,40
CMP_0867,1318.68,988.28,5.039321013414528,1.29,77
CMP_0868,4378.04,3237.64,6.9967720463309995,3.19,115
CMP_0869,4757.52,4366.42,12.72268239577993,2.41,314
CMP_0870,2179.89,2060.73,8.541664065967925,2.51,132
CMP_0871,1718.35,1312.91,4.690007454862345,1.64,72
CMP_0872,3398.0,2894.27,11.690453924032472,4.21,112
CMP_0873,2339.3,2227.51,14.20981174132212,2.68,136
CMP_0874,614.24,565.0,4.263720393284931,2.95,14
CMP_0875,1202.69,1037.53,8.338369236897837,1.87,82
CMP_0876,3721.88,3264.48,21.70733972618388,1.32,679
CMP_0877,3465.16,2954.08,12.13354362965397,0.89,627
CMP_0878,621.93,490.87,8.481724671148061,3.71,15
CMP_0879,1498.87,1303.28,10.001767055776856,1.38,145
CMP_0880,1539.84,1396.12,2.7734302893771536,3.61,27
CMP_0881,3523.52,3389.62,7.87565942200781,2.26,172
CMP_0882,588.7,524.47,4.066008338793909,2.37,16
CMP_0883,968.49,899.08,9.96887089894631,2.61,43
CMP_0884,4099.62,3066.6,20.369801650945952,2.15,334
CMP_0885,1303.45,1092.9,3.726961903706253,0.95,85
CMP_0886,3437.36,2415.77,7.15274299836229,1.89,185
CMP_0887,1571.82,1216.59,4.835404262130269,3.49,31
CMP_0888,947.49,869.74,3.9461668722961774,3.5,18
CMP_0889,1594.27,1590.35,11.169462148562573,1.79,126
CMP_0890,3750.2,2736.72,3.185893122208027,2.57,90
CMP_0891,4350.63,3569.47,12.614524938068902,1.37,378
CMP_0892,4235.99,3981.92,11.816171015888486,1.45,528
CMP_0893,2287.33,1741.14,6.028389527189025,0.6,379
CMP_0894,3506.38,3038.37,8.912290705306518,4.54,83
CMP_0895,1422.43,1308.52,31.29298453926151,1.45,320
CMP_0896,1819.16,1609.58,0.8516637420643899,1.52,50
CMP_0897,4533.51,3429.18,6.803661864453031,1.76,242
CMP_0898,558.51,450.5,16.273488045782845,1.07,86
CMP_0899,884.79,827.4,11.04595211135992,3.38,35
CMP_0900,1435.49,1243.52,9.149557957688513,0.84,184
CMP_0901,619.39,434.54,19.297593041606305,1.1,101
CMP_0902,1316.46,1222.07,14.071027237114125,3.4,66
CMP_0903,3123.69,2219.67,10.132287333520445,2.03,144
CMP_0904,2396.41,2213.61,12.413406594917,3.69,112
CMP_0905,4517.02,3436.3,3.9016583859632545,3.01,104
CMP_0906,4178.5,4125.94,7.1032629650626244,1.65,346
CMP_0907,2038.18,1651.7,17.083323931933013,3.43,90
CMP_0908,1667.41,1330.73,17.068877372858573,1.02,320
CMP_0909,2208.62,1644.69,10.149213678835457,2.91,91
CMP_0910,3156.33,2498.81,6.424065234214393,2.47,97
CMP_0911,1706.29,1643.15,3.9715786073828308,1.71,92
CMP_0912,3308.67,3305.03,12.487715988540163,3.22,175
CMP_0913,2342.35,1898.46,0.7957130225405907,4.42,29
CMP_0914,2984.21,2490.57,4.5456074017064605,5.0,40
CMP_0915,2462.57,2257.24,10.75501472997855,3.23,116
CMP_0916,1825.1,1762.79,11.240868075091264,2.32,117
CMP_0917,4768.04,4185.93,6.482678097739791,1.51,376
CMP_0918,3936.23,3217.7,10.704626397395716,1.66,283
CMP_0919,1130.51,931.3,9.653953243928077,2.66,60
CMP_0920,4408.11,4005.59,26.7757403445379,2.15,687
CMP_0921,2693.44,1888.01,6.051358692568127,4.61,41
CMP_0922,4525.49,4009.03,3.699518277321688,2.16,181
CMP_0923,4099.35,3306.73,11.12811641334058,2.18,293
CMP_0924,2413.46,2264.45,3.4920609684597537,2.23,77
CMP_0925,601.11,437.55,2.996205044052371,4.26,8
CMP_0926,1709.05,1497.92,5.237690977653278,3.43,45
CMP_0927,2937.35,2479.98,3.137940559631379,3.26,56
CMP_0928,3350.65,2991.12,10.697940615270634,2.0,189
CMP_0929,1660.49,1194.65,3.5314744671267744,4.18,21
CMP_0930,1127.1,985.08,6.864959757666039,0.67,159
CMP_0931,4257.19,3697.14,3.9774675641573074,4.42,73
CMP_0932,4929.81,4280.05,2.38995347571467,2.81,97
CMP_0933,2865.61,2524.74,13.604587543175706,2.29,235
CMP_0934,1272.56,1149.05,18.785281869253364,2.74,107
CMP_0935,1725.38,1624.44,11.660942807425844,3.5,64
CMP_0936,582.76,455.1,2.529538287042077,0.56,64
CMP_0937,4614.34,4372.16,23.500027947277,4.42,299
CMP_0938,1029.88,874.86,4.8925082816451235,2.51,40
CMP_0939,3094.32,2237.56,6.117240229656345,2.04,97
CMP_0940,1733.25,1243.72,18.905677526853882,1.12,238
CMP_0941,2993.8,2395.85,9.658562400393006,2.48,165
CMP_0942,3431.39,3209.96,5.803809047178154,2.73,148
CMP_0943,4233.84,3862.55,7.191588217575134,2.32,220
CMP_0944,1428.9,1338.29,13.077032233609554,3.55,75
CMP_0945,549.48,469.9,6.788581046763624,2.39,19
CMP_0946,1115.99,928.57,6.697659245045965,4.83,22
CMP_0947,4550.08,3386.33,4.875687321176313,3.2,93
CMP_0948,4432.51,3539.17,4.669818399517711,4.13,72
CMP_0949,3188.36,2646.99,5.409733426122198,0.99,312
CMP_0950,3202.33,2326.75,17.070130245086823,2.29,191
CMP_0951,3492.67,2676.03,2.2489679320969995,2.02,94
CMP_0952,1289.17,1133.78,8.259729731390035,3.06,57
CMP_0953,4614.85,4248.89,5.633021647618806,4.38,90
CMP_0954,2384.47,2383.29,6.395249324734722,0.85,380
CMP_0955,2224.12,2179.49,6.959437793251369,0.83,376
CMP_0956,2835.13,2531.12,6.228634842484734,4.33,67
CMP_0957,711.35,587.84,16.16259972775225,1.46,73
CMP_0958,1248.28,1112.03,4.450551431575962,3.51,27
CMP_0959,3821.15,3575.43,16.90135459870321,2.94,258
CMP_0960,872.59,641.79,9.181603262620978,4.25,19
CMP_0961,3214.18,2645.18,23.42382706227291,1.06,647
CMP_0962,1604.07,1526.98,2.729120883363221,1.08,129
CMP_0963,2251.83,1835.58,1.990234499027756,3.01,36
CMP_0964,1799.12,1568.04,6.803018878130714,4.76,42
CMP_0965,2100.53,1840.76,9.666971446155921,2.37,91
CMP_0966,3735.71,2821.74,18.537812235633616,1.97,350
CMP_0967,1837.05,1485.57,4.053899851834649,3.23,48
CMP_0968,3048.82,2440.13,1.246408561688322,4.69,29
CMP_0969,2642.23,1870.33,22.669646213273843,4.27,105
CMP_0970,3486.52,2465.87,6.628118290985882,4.98,61
CMP_0971,4715.73,4477.63,12.785868229443409,0.6,1440
CMP_0972,3796.57,2968.62,3.040150857976392,1.01,254
CMP_0973,1467.23,1255.1,6.06951403584765,3.24,39
CMP_0974,640.32,505.61,2.2970322718314775,4.19,7
CMP_0975,1680.19,1650.29,24.082020058138827,1.78,318
CMP_0976,3177.85,2471.7,5.854341312552766,1.58,198
CMP_0977,731.42,606.27,1.7673428090146757,4.04,9
CMP_0978,2733.65,2629.28,17.895990199564512,0.75,913
CMP_0979,3185.79,3034.72,7.090570847398657,2.16,166
CMP_0980,2004.1,1514.76,25.41387600056726,2.78,160
CMP_0981,3969.1,3734.1,6.676326234975876,3.02,124
CMP_0982,979.69,820.45,6.06493208897408,3.78,23
CMP_0983,838.12,708.12,17.24647365396594,2.1,76
CMP_0984,3776.85,2795.04,3.5029021719889726,3.26,58
CMP_0985,2729.71,1976.8,6.665294001290962,3.13,72
CMP_0986,3597.81,3304.16,10.050712849701119,2.96,186
CMP_0987,2456.72,2085.6,11.27062667723157,3.38,107
CMP_0988,1608.81,1337.01,8.340692968359413,1.67,112
CMP_0989,4185.96,3846.28,1.5150297168908122,0.88,331
CMP_0990,4097.37,3809.14,6.6936118170600665,1.04,345
CMP_0991,3626.13,2711.16,5.908551698049219,1.51,200
CMP_0992,1724.65,1522.98,7.869873067673209,2.75,79
CMP_0993,3156.04,2337.38,7.497133542482152,4.28,69
CMP_0994,2124.38,1965.93,7.723517757068963,3.66,63
CMP_0995,912.12,818.25,9.603539274728767,4.05,25
CMP_0996,4627.91,4567.67,14.302108142488215,2.08,489
CMP_0997,1115.68,804.06,3.724802146622276,2.32,29
CMP_0998,4776.07,3425.0,5.877716173349552,2.27,188
CMP_0999,2507.03,1967.16,4.268819357371771,1.36,138
